Product title,Product vendor,Product type,Net items sold,Gross sales,Discounts,Returns,Net sales,Taxes,Total sales
Girl Online,Zoella; Zoe Sugg;,Book,1,6,0,0,6,0.3,6.3
The Big Book of the Blue,Yuval Zommer;,Book,1,22,0,0,22,1.1,23.1
21 Lessons for the 21st Century,Yuval Noah Harari;,Book,1,30,0,0,30,1.5,31.5
Sapiens: A Brief History of Humankind,Yuval Noah Harari;,Book,2,56,0,0,56,2.8,58.8
Homo Deus: A Brief History of Tomorrow,Yuval Noah Harari,Book,1,27.99,-1.06,0,26.93,1.35,28.28
Sapiens,Yuval Noah Harari,Book,1,28,0,0,28,1.4,29.4
"One-Punch Man, Vol. 24",Yusuke Murata,Book,1,32,0,0,32,1.6,33.6
Assassination Classroom #1,Yusei Matsui,Book,1,23,0,0,23,1.15,24.15
The Last Silk Thread,Yosr Elsherbiny;,Book,1,54,0,0,54,2.7,56.7
My First Book About Islam,Yahiya Emerick;,Book,1,20,0,0,20,1,21
Transcendent Kingdom,Yaa Gyasi;,Book,1,30,0,0,30,1.5,31.5
World's Greatest Leaders: Biographies of Inspirational Personalities For Kids,Wonder House Books;,Book,-1,0,0,-15,-15,-0.75,-15.75
Almond,Won-Pyung Sohn;,Book,1,15,0,0,15,0.75,15.75
Art Review Asia,Wolfgang Tillmans,Book,1,15,0,0,15,0.75,15.75
The Worst Thing About My Sister,"Wilson, Jacqueline; ;",Book,1,14.99,-1.44,0,13.55,0.68,14.23
Best Friends,"Wilson, Jacqueline",Book,1,13,0,0,13,0.65,13.65
Romeo and Juliet,William Shakespeare; William Shakespeare;,Book,0,20,0,-20,0,0,0
Hamlet,William Shakespeare;,Book,1,18,0,0,18,0.9,18.9
The Winter's Tale,William Shakespeare;,Book,1,19,0,0,19,0.95,19.95
Lord of the Flies,William Golding,Book,1,25,0,0,25,1.25,26.25
In Xanadu,William Dalrymple,Book,1,13,0,0,13,0.65,13.65
The Woman in White,Wilkie Collins;,Book,1,23,0,0,23,1.15,24.15
Word Search for Smart Kids,Wilco Publishing House,Book,1,10,0,0,10,0.5,10.5
The Black Stallion,Walter Farley,Book,0,13,0,-13,0,0,0
World of Reading Marvel Boxed Set (Level 1),Walt Disney Company;,Book,1,20,0,0,20,1,21
The Man Who Didn't Call,"Walsh, Rosie",Book,1,38,0,0,38,1.9,39.9
The Waves,Virginia Woolf;,Book,1,20,0,0,20,1,21
The Waves,Virginia Woolf,Book,1,18,0,0,18,0.9,18.9
Ready for Action! - Hardcover,Victoria Taylor,Book,-1,0,0,-15,-15,-0.75,-15.75
Kraft der Elemente,verschiedene;,Book,1,20,0,0,20,1,21
Insurgent  - Hardcover,Veronica Roth,Book,0,5,0,-5,0,0,0
Seafood,Various;,Book,1,10,0,0,10,0.5,10.5
The Mumsnet Book of Animal Stories,Various;,Book,1,20,0,0,20,1,21
Famous Moral Stories,Vandana Verma;,Book,1,10,0,0,10,0.5,10.5
Alexander,Valerio Manfredi;,Book,1,12.99,-0.49,0,12.5,0.63,13.13
Say You're One of Them,Uwem Akpan;,Book,0,28,0,-28,0,0,0
The Jungle,Upton Sinclair;,Book,1,27.99,-1.05,0,26.94,1.35,28.29
The Poison Jungle,Tui T. Sutherland;,Book,1,13,0,0,13,0.65,13.65
The Hidden Kingdom: Wings of Fire,Tui Sutherland;,Book,1,29,0,0,29,1.45,30.45
The Lost Continent,Tui Sutherland;,Book,1,29,0,0,29,1.45,30.45
"Death Note, Vol. 6",Tsugumi Ohba; Tsugumi Ohba; Tsugumi Ōba; Tsugumi Ohba; Tsugumi Ohba; Tsugumi Ohba; Tsugumi Ohba; Tsugumi Ohba; Tsugumi Ohba; Tsugumi Ohba;,Book,1,25,0,0,25,1.25,26.25
Death Note:Vol 8,Tsugumi Ohba; Tsugumi Ohba; Tsugumi Ōba; Tsugumi Ohba; Tsugumi Ohba; Tsugumi Ohba; Tsugumi Ohba; Tsugumi Ohba; Tsugumi Ohba; Tsugumi Ōba;,Book,1,25,0,0,25,1.25,26.25
"Death Note, Vol. 9",Tsugumi Ohba; Taskeshi Obata; Tsugumi Ohba;,Book,1,25,0,0,25,1.25,26.25
"Death Note, Vol. 7",Tsugumi Ohba; Takeshi Obata;,Book,1,25,0,0,25,1.25,26.25
In Cold Blood : A True Account of a Multiple Murder and its Consequences,Truman Capote,Book,1,20,0,0,20,1,21
The Mysterious Benedict Society,Trenton Lee Stewart;,Book,1,25,0,0,25,1.25,26.25
The Mysterious Benedict Society and the Prisoner's Dilemma,Trenton Lee Stewart;,Book,1,25,0,0,25,1.25,26.25
English Journey Kg 1 (6 Stories),TRACY TRAYNOR,Book,1,18,-0.82,0,17.18,0.85,18.03
The Big Book of Love and Plush Set - Hardcover,Trace Moroney;,Book,1,20,0,0,20,1,21
Before the Coffee Gets Cold,Toshikazu Kawaguchi;,Book,2,71,0,0,71,3.55,74.55
Before the Coffee Gets Cold: Tales from the Cafe,Toshikazu Kawaguchi;,Book,1,30,0,0,30,1.5,31.5
Little Princess: I Want My Light On!,Tony Ross;,Book,1,14.99,-0.68,0,14.31,0.72,15.03
The Hanging Club,Tony Parsons,Book,1,20,0,0,20,1,21
The Motley Fool Investment Guide: Third Edition,"Tom Gardner; David Gardner; Motley Fool, Inc;",Book,1,28,0,0,28,1.4,29.4
Eve of Man,Tom Fletcher; Giovanna Fletcher;,Book,0,23,0,-23,0,0,0
Ticket to Ride: Around the World on 49 Unusual Train Journeys,Tom Chesshyre;,Book,1,18,0,0,18,0.9,18.9
51 Stories From Panchatantra- Hardcover,TINY TOT;,Book,1,18,0,0,18,0.9,18.9
Classic Fairy Tales,Tiny Tot Publications,Book,1,9.99,-0.49,0,9.5,0.48,9.98
Tinkle Double Digest No.8,Tinkle,Book,1,10.99,-1.01,0,9.98,0.5,10.48
Look Who's Back - Hardcover,Timur Vermes;,Book,1,27.99,-1.06,0,26.93,1.35,28.28
The Psychedelic Experience,"Timothy Leary , Richard Alpert , Ralph Metzner",Book,1,25,0,0,25,1.25,26.25
The 4-Hour Work Week,Timothy Ferriss,Book,1,49,0,0,49,2.45,51.45
Northern Lights,Tim O'Brien;,Book,-1,0,0,-8,-8,-0.4,-8.4
This Book Is Anti-Racist,Tiffany Jewell;,Book,1,20,0,0,20,1,21
Surrounded by Idiots,Thomas Erikson,Book,1,28,0,0,28,1.4,29.4
33 Questions About American History You're Not Supposed to Ask,"Thomas E. Woods, Jr.;",Book,1,28,0,0,28,1.4,29.4
The Perfection Trap,Thomas Curran;,Book,1,42.2,0,0,42.2,2.11,44.31
Mouseford Academy,Thea Stilton; Elisabetta Dami;,Book,1,15,0,0,15,0.75,15.75
Drama at Mouseford,Thea Stilton;,Book,1,15,0,0,15,0.75,15.75
Thea Stilton Se: The Dance Of The Star Fairies - Hardcover,Thea Stilton;,Book,1,20,0,0,20,1,21
Big Trouble in the Big Apple,Thea Stilton,Book,1,18,0,0,18,0.9,18.9
Scholastic: Thea Stilton and the Journey to the Lion's Den,Thea Stilton,Book,1,18,0,0,18,0.9,18.9
Thea Stilton and the Prince's Emerald,Thea Stilton,Book,1,18,0,0,18,0.9,18.9
Thea Stilton and the Secret of the Old Castle,Thea Stilton,Book,1,18,0,0,18,0.9,18.9
Horrible Histories: The Blitzed Brits,Terry Deary,Book,1,10,0,0,10,0.5,10.5
The Iron Man,Ted Hughes;,Book,1,10,0,0,10,0.5,10.5
"Chainsaw Man, Vol. 5",Tatsuki Fujimoto; Tatsuki Fujimoto;,Book,1,32,0,0,32,1.6,33.6
Alphabet,Tangerine Designs,Book,1,13,0,0,13,0.65,13.65
Ignite Me - Shatter Me #3,Tahereh Mafi;,Book,1,23,0,0,23,1.15,24.15
Shatter Me,Tahereh Mafi;,Book,1,46,0,-20,26,1.3,27.3
A Palace in the Old Village,Tahar Ben Jelloun;,Book,1,20,0,0,20,1,21
The Bell Jar,Sylvia Plath;,Book,1,25,0,0,25,1.25,26.25
Leap Scrubs Up,Suzanne I. Barchers,Book,1,9.99,-0.45,0,9.54,0.48,10.02
Mockingjay,Suzanne Collins;,Book,1,25,0,0,25,1.25,26.25
The Hunger Games,Suzanne Collins,Book,1,20,0,0,20,1,21
Pluto's Best,Susan Ring;,Book,1,10,0,0,10,0.5,10.5
"George, Timmy and the Lighthouse Mystery",Sue Welford;,Book,1,4,0,0,4,0.2,4.2
Immortal,Sue Lynn Tan;,Book,1,33,-1.38,0,31.62,1.58,33.2
"Speed Read F1: The Technology, Rules, History and Concepts Key to the Sport",Stuart Codling,Book,1,28,0,0,28,1.4,29.4
Watch Your Tail! (Geronimo Stilton Cavemice #2),"Stilton, Geronimo",Book,1,20,0,0,20,1,21
Thea Stilton and the Mystery on the Orient Express,Stilton Thea;,Book,1,18,0,0,18,0.9,18.9
The Girl with the Dragon Tattoo,Stieg Larsson;,Book,1,23.01,-0.97,0,22.04,1.09,23.13
The Girl Who Kicked the Hornet's Nest,Stieg Larsson,Book,1,13,0,0,13,0.65,13.65
The Girl Who Played with Fire,Stieg Larsson,Book,1,16,0,0,16,0.8,16.8
How Democracies Die,Steven Levitsky; Daniel Ziblatt;,Book,1,16,-0.6,0,15.4,0.77,16.17
A Brief History of Time,Stephen W. Hawking;,Book,1,20,0,0,20,1,21
The 7 Habits Of Highly Effective People,Stephen R. Covey;,Book,1,20,0,0,20,1,21
The Fishmonger's Company Cook Book Recipes - [Hardcover],Stephen Pini,Book,1,49,0,0,49,2.45,51.45
Last Man Standing,Stephen Leather;,Book,1,16,0,0,16,0.8,16.8
The Birthday Girl,Stephen Leather;,Book,1,13,0,0,13,0.65,13.65
Heroes,Stephen Fry;,Book,1,26,0,0,26,1.3,27.3
Troy,Stephen Fry;,Book,1,26,0,0,26,1.3,27.3
A Curse For True Love,Stephanie Garber;,Book,1,25,0,0,25,1.25,26.25
Timmy Failure 02: Now Look What You've Done,Stephan Pastis;,Book,1,18,0,0,18,0.9,18.9
Only If You're Lucky,Stacy Willingham;,Book,1,25,-1.97,0,23.03,1.15,24.18
The Hungry Student Vegan Cookbook,Spruce Spruce;,Book,1,20,0,0,20,1,21
I Was Told to Come Alone,Souad Mekhennet;,Book,1,28,0,0,28,1.4,29.4
"Girl, Missing",Sophie McKenzie,Book,1,21,0,0,21,1.05,22.05
A World Without Princes,Soman Chainani,Book,1,25,0,0,25,1.25,26.25
12 years a slave : A true story,Solomon Northup;,Book,1,20,0,0,20,1,21
A Study in Scarlet,Sir Arthur Conan Doyle;,Book,1,20,0,0,20,1,21
The Adventures of Sherlock Holmes - Hardcover,Sir Arthur Conan Doyle;,Book,1,20,0,0,20,1,21
Down at the Station,Siobhan Dodds;,Book,1,10,0,0,10,0.5,10.5
Hector the Hoopoe's Prized Possession,Simone Lok;,Book,2,70,0,0,70,3.5,73.5
Hector the Hoopoe Greeting Card,Simone Lok,Accessories,1,10,0,0,10,0.5,10.5
The Hungry Hoopoe,Simone Lok,Book,1,35,0,0,35,1.75,36.75
The Montessori Baby,Simone Davies; Junnifa Uzodike;,Book,1,25,0,0,25,1.25,26.25
Bumper Junior Art Book - Colour-in-Mazes,Simon Chadwick,Book,1,22,0,0,22,1.1,23.1
World War I,Simon Adams;,Book,1,18,0,0,18,0.9,18.9
Coming Back: the Odyssey of a Pakistani through India,SHUEYB. GANDAPUR;,Book,1,49,0,0,49,2.45,51.45
Victoria & Abdul (Movie Tie-in),Shrabani Basu;,Book,1,25,0,0,25,1.25,26.25
Competing on the Edge - Hardcover,Shona L. Brown; Kathleen M. Eisenhardt;,Book,1,26,0,0,26,1.3,27.3
Stories From Panchatantra: Golden Set - Hardcover,"Shiv Kumar Batalvi , Anil Vyas (Illustrator)",Book,1,15,0,0,15,0.75,15.75
It's Following Me,Sheri Radford;,Book,1,15,0,0,15,0.75,15.75
The New Pregnancy & Childbirth- (Hardcover),Sheila Kitzinger;,Book,1,23,0,0,23,1.15,24.15
The Conscious Parent,Shefali Tsabary;,Book,0,28,0,-28,0,0,0
The End of Her,Shari Lapena,Book,1,25,0,0,25,1.25,26.25
The Storybook of Legends,Shannon Hale;,Book,1,18,0,0,18,0.9,18.9
Horses,Seymour Simon;,Book,-1,0,0,-4,-4,-0.2,-4.2
My Oh My a Butterfly,Seuss;,Book,3,180,0,-120,60,3,63
Disney Fairest of all,Serena Valentino,Book,1,21,0,0,21,1.05,22.05
Alchemised,SenLinYu;,Book,1,80,0,0,80,4,84
Abgeschnitten,Sebastian Fitzek; Michael Tsokos;,Book,1,18,0,0,18,0.9,18.9
Batman: Curse of the White Knight- [Hardcover],"Sean Murphy , Klaus Janson",Book,1,70.01,-50.52,0,19.49,0.97,20.46
LEGO(R) DC Superheroes: Attack of the Legion of Doom!,Scholastic;,Book,1,18,-1.58,0,16.42,0.82,17.24
Spider-Man and His Friends,Scholastic;,Book,1,11,0,0,11,0.55,11.55
Convenience Store Woman,Sayaka Murata;,Book,1,22,0,0,22,1.1,23.1
The Pied Piper of Hamelin & Pinocchio,Sawan;Dreamland,Book,1,12.99,-0.64,0,12.35,0.62,12.97
The Circadian Code,Satchin Panda;,Book,1,28,0,0,28,1.4,29.4
Dinosaur,Sarah Walker;,Book,1,10,0,0,10,0.5,10.5
Heir of Fire - Throne of Glass #3,Sarah J. Maas;,Book,2,44,0,0,44,2.2,46.2
Kingdom of Ash - Throne of Glass #7,Sarah J. Maas;,Book,1,22,0,0,22,1.1,23.1
Queen of Shadows - Throne of Glass #4,Sarah J. Maas;,Book,1,22,0,0,22,1.1,23.1
The Assassin's Blade,Sarah J. Maas;,Book,1,15,0,0,15,0.75,15.75
Throne of Glass,SARAH J. MAAS;,Book,1,22,0,0,22,1.1,23.1
Tower of Dawn - Throne of Glass #6,Sarah J. Maas;,Book,1,22,0,0,22,1.1,23.1
A Court of Thorns and Roses,Sarah J. Maas,Book,1,20,0,0,20,1,21
Crown of Midnight - Throne of Glass #2,Sarah J. Maas,Book,0,15,0,-25,-10,-0.5,-10.5
Throne of Glass: Queen of Shadows,Sarah J. Maas,Book,1,22,0,0,22,1.1,23.1
The Enchanted Greenhouse,Sarah Beth Durst;,Book,1,33,0,0,33,1.65,34.65
My First Book about Ramadan,Sara Khan;,Book,1,33,0,0,33,1.65,34.65
My First Picture Book about the Qur'an,Sara Khan;,Book,1,33,0,0,33,1.65,34.65
House Of Gucci,Sara G. Forden;,Book,1,28,0,0,28,1.4,29.4
Children Ramadan Journal,Sana Anwar,Book,5,115,-2.1,0,112.9,5.64,118.54
Anti- Romantic,Samana reza,Book,1,50,0,0,50,2.5,52.5
Things a Bright Girl Can Do,Sally Nicholls;,Book,1,25,0,0,25,1.25,26.25
Children of the Jacaranda Tree,Sahar Delijani;,Book,1,20,0,0,20,1,21
Conspiracy,S. J. Parris;,Book,1,25,0,0,25,1.25,26.25
The Winner's Curse,"Rutkoski, Marie;",Book,1,23,-0.97,0,22.03,1.1,23.13
Phonics Readers: Goose on the Loose,Russell Punter;,Book,1,15,0,0,15,0.75,15.75
Acres Of diamonds,Russell H. Conwell;,Book,1,15,0,0,15,0.75,15.75
Stories Short and Sweet,Ruskin Bond,Book,0,10,0,-10,0,0,0
The Annihilator,RuNyx; Runyx;,Book,1,20,0,0,20,1,21
The Reaper,RuNyx; Runyx;,Book,1,20,0,0,20,1,21
The Emperor,RuNyx;,Book,1,20,0,0,20,1,21
The Jungle Book,Rudyard Kipling;,Book,1,23,0,0,23,1.15,24.15
The Jungle Book #1 The Jungle Book,Rudyard Kipling,Book,1,15,0,0,15,0.75,15.75
Harry Potter and the Half-Blood Prince,"Rowling, J.K.;",Book,1,19,0,0,19,0.95,19.95
Puss in Boots- (Hardcover),Rosie Greening;,Book,1,9.99,-0.45,0,9.54,0.48,10.02
A to Z Mysteries: The School Skeleton,Ron Roy;,Book,1,13,0,0,13,0.65,13.65
The Canary Caper,Ron Roy;,Book,1,13,0,0,13,0.65,13.65
The Zombie Zone,Ron Roy;,Book,1,13,0,0,13,0.65,13.65
The Quicksand Question,Ron Roy,Book,1,10,0,0,10,0.5,10.5
The Yellow Yacht,Ron Roy,Book,1,13,0,0,13,0.65,13.65
The Harvard Business Review Leader's Handbook,Ron Ashkenas; Brook Manville;,Book,1,39,0,0,39,1.95,40.95
Bright Baby Touch & Feel On the Farm,Roger Priddy; Roger Priddy;,Book,1,18,-0.9,0,17.1,0.85,17.95
At the Zoo,Roger Priddy;,Book,1,12.99,-0.65,0,12.34,0.62,12.96
Bright Baby Touch & Feel Baby Animals - Board Book,Roger Priddy;,Book,1,18,0,0,18,0.9,18.9
Jolly Foul Play,Robin Stevens;,Book,1,23,-0.69,0,22.31,1.11,23.42
Top Marks for Murder,Robin Stevens;,Book,1,23,0,0,23,1.15,24.15
Mistletoe and Murder: (Murder Most Unladylike #5),Robin Stevens,Book,1,23,-0.69,0,22.31,1.11,23.42
Rich Dad Poor Dad,Robert T. Kiyosaki;,Book,1,30.8,0,0,30.8,1.54,32.34
The Rich Dad's Guide to Investing,Robert T. Kiyosaki;,Book,1,20,0,0,20,1,21
Room 13 and Inside the Worm,Robert Swindells;,Book,1,20,0,0,20,1,21
Curious George at the Aquarium,Robert Pierce Anderson; H. A. Rey; Margret Rey;,Book,1,18,0,0,18,0.9,18.9
The General,Robert Muchamore; Robert Muchamore;,Book,1,15,0,0,15,0.75,15.75
The Bourne Supremacy,Robert Ludlum;,Book,1,15,0,0,15,0.75,15.75
Dr Jekyll and Mr Hyde and Other Stories,Robert Louis Stevenson;,Book,1,18,0,0,18,0.9,18.9
The 48 Laws of Power,Robert Greene;,Book,1,25,0,0,25,1.25,26.25
The 48 Laws of Power,Robert Greene,Book,1,23,0,0,23,1.15,24.15
Robert Frost,Robert Frost;,Book,1,19,0,0,19,0.95,19.95
My Awesome Activity Pad (Blue),Robert Frederick;,Book,1,30.8,0,0,30.8,1.54,32.34
Mystery Stories of the Nineteenth Century -Hardcover,Robert Etty,Book,1,20,0,0,20,1,21
Voodoo River,Robert Crais;,Book,1,15,0,0,15,0.75,15.75
Charlie And The Great Glass Elevator,Roald Dahl;,Book,1,15,0,0,15,0.75,15.75
Danny the Champion of the World,Roald Dahl;,Book,1,17.99,-0.81,0,17.18,0.86,18.04
Going Solo,Roald Dahl;,Book,1,17.99,-0.82,0,17.17,0.86,18.03
Going Solo,Roald Dahl,Book,1,15,0,0,15,0.75,15.75
The BFG,Roald Dahl,Book,1,15,0,0,15,0.75,15.75
The Magic Finger,Roald Dahl,Book,1,14.99,-0.67,0,14.32,0.72,15.04
The Witches,Roald Dahl,Book,1,15,0,0,15,0.75,15.75
Le voleur de foudre,Rick Riordan;,Book,1,23,0,0,23,1.15,24.15
Percy Jackson and the Greek Heroes,Rick Riordan;,Book,1,24,0,0,24,1.2,25.2
Percy Jackson and the Lightning Thief,Rick Riordan;,Book,2,40,0,0,40,2,42
Sea of Monsters  (Percy Jackson and the Olympians #2),Rick Riordan,Book,1,23,0,0,23,1.15,24.15
Junior English 1,Richards;,Book,1,15,0,0,15,0.75,15.75
Junior English 2,Richards;,Book,1,15,0,0,15,0.75,15.75
Junior English 3,Richards;,Book,1,15,0,0,15,0.75,15.75
Junior English 4,Richards;,Book,1,15,0,0,15,0.75,15.75
The Impossible Fortune,Richard Osman;,Book,1,28,-10,0,18,0.9,18.9
The 80/20 Principle,Richard Koch;,Book,1,35,0,0,35,1.75,36.75
Lorna Doone,Richard Doddridge Blackmore;,Book,1,18,0,0,18,0.9,18.9
Tales of Arabian Nights,Richard Burton;,Book,1,18,0,0,18,0.9,18.9
Area 7,"Reilly, Matthew",Book,1,20,0,0,20,1,21
SUCH A FUN AGE,REID KILEY;,Book,1,41,0,0,41,2.05,43.05
The Things We Leave Unfinished,Rebecca Yarros; Rebecca Yarros;,Book,1,35,0,0,35,1.75,36.75
Divine Rivals (Hardcover),Rebecca Ross;,Book,1,29.98,-21.64,0,8.34,0.42,8.76
Hollow City,Ransom Riggs,Book,1,25,0,0,25,1.25,26.25
Library Of Souls: The Third Novel Of Miss Peregrine's Peculiar Children,Ransom Riggs,Book,1,25,0,0,25,1.25,26.25
Miss Peregrine's Home for Peculiar Children,Ransom Riggs,Book,1,25,0,0,25,1.25,26.25
The Last Lecture,Randy Pausch,Book,1,25,0,0,25,1.25,26.25
What If?,Randall Munroe;,Book,1,28,0,0,28,1.4,29.4
Imperial Life in the Emerald City,Rajiv Chandrasekaran,Book,1,23,0,0,23,1.15,24.15
Tinkle Digest No. 131,Rajani Thindiath,Book,1,10,-0.93,0,9.07,0.45,9.52
Tinkle Double Digest No. 97,Rajani Thandiath;,Book,1,10,-0.93,0,9.07,0.45,9.52
Ghosts,Raina Telgemeier,Book,1,25,0,0,25,1.25,26.25
Guts,Raina Telgemeier,Book,1,25,0,0,25,1.25,26.25
Smile,Raina Telgemeier,Book,1,25,0,0,25,1.25,26.25
Chanakya Neeti,Radhakrishnan Pillai;,Book,1,25,0,0,25,1.25,26.25
Katha Chanakya,Radhakrishnan Pillai;,Book,1,16,0,0,16,0.8,16.8
Lore Olympus: Volume One,Rachel Smythe,Book,1,28,0,0,28,1.4,29.4
Dork Diaries Books: Dear Dork,Rachel Renee Russell;,Book,1,22,0,0,22,1.1,23.1
Dork Diaries 10: Puppy Love,Rachel Renee Russell,Book,2,42,0,0,42,2.1,44.1
The Case of the Exploding Brains,Rachel Hamilton;,Book,1,20,0,0,20,1,21
Bring Me Your Midnight,Rachel Griffin;,Book,1,24.99,-1.04,0,23.95,1.2,25.15
The Lion Inside,Rachel Bright;,Book,1,19.99,-1,0,18.99,0.95,19.94
Animalia Indica: The Finest Animal Stories in Indian Literature,R. K. Narayan Premchand; Vikram Seth George Orwell; Thakazhi Sivasankara; Pendse Narayan Shripad Tharoor Kanishk Zacharia; Animalia Indica; R. R.;,Book,1,19.99,-1.01,0,18.98,0.95,19.93
Wonder,R. J. Palacio;,Book,1,22,0,0,22,1.1,23.1
Wonder,R. J. Palacio,Book,1,23,0,0,23,1.15,24.15
"Terjaja nevinnost. Kak ja postroil biznes, delaja vse po-svoemu i poluchaja udovolstvie ot zhizni",R. Brekson;,Book,1,20,0,0,20,1,21
Modern Classics Journeys End,R C Sherriff;,Book,1,16,0,0,16,0.8,16.8
The Mountains Sing,Que Mai Phan Nguyen;,Book,1,28,0,0,28,1.4,29.4
Spare - Hardcover,Prince Harry the Duke of Sussex,Book,1,20,0,0,20,1,21
Colours ABC Numbers,Priddy Books; Roger Priddy;,Book,0,13,0,-13,0,0,0
Great Illustrated Fairy Tales - Hardcover,Playmore Inc.,Book,1,20,-1,0,19,0.95,19.95
The Dukan Diet Recipe Book,Pierre Dukan,Book,1,18,0,0,18,0.9,18.9
Nickelodeon Paw Patrol: Sound Storybook Treasury,Pi Kids;,Book,1,20,0,0,20,1,21
The Kingmaker's Daughter,Philippa Gregory;,Book,1,15,0,0,15,0.75,15.75
Northern Lights,Philip Pullman;,Book,1,23,0,0,23,1.15,24.15
The Library Cat,Philip Ardagh;,Book,1,16,0,0,16,0.8,16.8
"Hess, Hitler & Churchill",Peter Padfield;,Book,1,25,0,0,25,1.25,26.25
Hungry Planet- [Hardcover],Peter Menzel; Faith D'Aluisio;,Book,1,28,0,0,28,1.4,29.4
Cogheart,Peter Bunzl;,Book,1,20,0,0,20,1,21
Five Brothers,Penelope Douglas;,Book,1,28,0,0,28,1.4,29.4
Amelia Bedelia and the Surprise Shower,Peggy Parish;,Book,1,13,0,0,13,0.65,13.65
Maktub,Paulo Coelho;,Book,1,25,0,0,25,1.25,26.25
Once Minutos,Paulo Coelho;,Book,1,18,0,0,18,0.9,18.9
The Alchemist,Paulo Coelho,Book,1,15,0,0,15,0.75,15.75
The Wishing Pearl,Paula Harrison;,Book,1,17.99,-0.82,0,17.17,0.86,18.03
The Pregnancy Encyclopedia,Paula Amato;,Book,1,35,0,0,35,1.75,36.75
Midnight Over Sanctaphrax: The Edge Chronicles,Paul Stewart & Chris Riddell,Book,1,15,0,0,15,0.75,15.75
When Breath Becomes Air (Hardcover),Paul Kalanithi,Book,1,28,0,0,28,1.4,29.4
Tinkers,Paul Harding;,Book,1,15,0,0,15,0.75,15.75
No One Is Talking About This,Patricia Lockwood;,Book,1,39,0,0,39,1.95,40.95
Chacun dans son lit !,Pascale Bougeault;,Book,1,10,0,0,10,0.5,10.5
London Looters,"Parragon, Incorporated; Sidney Jacobson; Pable Zamboni; Walter Carzon; Duendes del Sur;",Book,1,10,0,0,10,0.5,10.5
Sesame Street: Abby Cadabby's Rhyme Time,P. J. Shaw,Book,1,10,0,0,10,0.5,10.5
Pocket Oxford Dictionary- Indian Edition,Oxford Dictionaries;,Book,1,20,0,0,20,1,21
"Pirates Past Noon (Magic Tree House, No. 4)","Osborne, Mary Pope;",Book,1,13,0,0,13,0.65,13.65
The Museum of Innocence,Orhan Pamuk;,Book,1,22,0,0,22,1.1,23.1
Beautiful Gift Wrap,Online Book Store – Bookends,Gift Wrap,5,47.62,-7.36,0,40.26,2.01,42.27
book sleeve,Online Book Store – Bookends,Accessories,1,15,0,0,15,0.75,15.75
Bookends Metal Bookmark,Online Book Store – Bookends,Accessories,1,20,0,0,20,1,21
Claude Monet Metal Bookmark (Design 2),Online Book Store – Bookends,Accessories,1,15,0,0,15,0.75,15.75
Dainty Crochete Flower Bookmark,Online Book Store – Bookends,Accessories,1,18,0,0,18,0.9,18.9
Daisy Crochet Bookmark,Online Book Store – Bookends,Accessories,1,20,0,0,20,1,21
Deer Watercolor Bookmark,Online Book Store – Bookends,Accessories,1,20,0,0,20,1,21
DIY Bookshelf Bookmark,Online Book Store – Bookends,Accessories,1,5,0,0,5,0.25,5.25
Hand Painted Wooden Bookmark Design 4,Online Book Store – Bookends,Accessories,1,20,0,0,20,1,21
Help with Homework,Online Book Store – Bookends,Book,1,16,0,0,16,0.8,16.8
Jataka Tales and moral Stories,Online Book Store – Bookends,Book,1,10,0,0,10,0.5,10.5
Junior Encyclopedia_Scientific Discoveries  - [Hardcover],Online Book Store – Bookends,Book,1,10,-0.38,0,9.62,0.48,10.1
Leaf Crochet Bookmark,Online Book Store – Bookends,Accessories,1,23,0,0,23,1.15,24.15
Los juegos del hambre,Online Book Store – Bookends,Book,1,20,0,0,20,1,21
Magiczna Przygoda,Online Book Store – Bookends,Book,1,23,0,0,23,1.15,24.15
Mini Love Jar,Online Book Store – Bookends,Accessories,4,40,0,0,40,2,42
Mountain Landscape Watercolor Bookmark,Online Book Store – Bookends,Accessories,1,28,0,0,28,1.4,29.4
My Fairy Story- (Hardcover),Online Book Store – Bookends,Book,1,17.99,-0.89,0,17.1,0.86,17.96
Raccoon Watercolor Bookmark,Online Book Store – Bookends,Accessories,1,19.99,-1.04,0,18.95,0.95,19.9
Reading List Bookmark,Online Book Store – Bookends,Accessories,4,40,0,0,40,2,42
Set of 2 Magnetic Bookmarks,Online Book Store – Bookends,Accessories,1,10,0,0,10,0.5,10.5
Six of Crows Bookmark,Online Book Store – Bookends,Accessories,1,10,0,0,10,0.5,10.5
Stick and Play: My Toolbox: With Reusable Play Stickers,Online Book Store – Bookends,Book,1,30,0,0,30,1.5,31.5
The Earth Conscious Bookmark (set of 8),Online Book Store – Bookends,Accessories,1,20,0,0,20,1,21
The Score Bookmark,Online Book Store – Bookends,Accessories,1,10,0,0,10,0.5,10.5
Van Gogh Metal Bookmark (Design 2),Online Book Store – Bookends,Accessories,2,30,0,0,30,1.5,31.5
We Hunt the Flame Duology Bookmark,Online Book Store – Bookends,Accessories,1,10,0,0,10,0.5,10.5
The Boy at the Back of the Class,Onjali Rauf;,Book,1,19,0,0,19,0.95,19.95
One-Punch Man vol 2,ONE;,Book,1,20,0,0,20,1,21
One-Punch Man vol 3,ONE;,Book,1,20,0,0,20,1,21
"One-Punch Man, Vol. 14",ONE;,Book,1,35,0,0,35,1.75,36.75
"One-Punch Man, Vol. 28",ONE;,Book,1,35,0,0,35,1.75,36.75
"One-Punch Man, Vol. 1","ONE , Yusuke Murata (Illustrator) , John Werry (Translator)",Book,1,36.8,0,0,36.8,1.84,38.64
Fantastic Folktales Salt in the Sea,OM Books,Book,1,14,0,0,14,0.7,14.7
Rome,Olivia Ercoli; Ros Belford; Roberta Mitchell;,Book,1,13,0,0,13,0.65,13.65
The Greatest Salesman in the World,Og Mandino;,Book,1,18,0,0,18,0.9,18.9
Eleanor the Queen,Norah Lofts;,Book,1,18,0,0,18,0.9,18.9
Carolina Moon,Nora Roberts;,Book,-1,0,0,-16,-16,-0.8,-16.8
Face the Fire,Nora Roberts;,Book,-1,0,0,-12,-12,-0.6,-12.6
Born In Fire,Nora Roberts,Book,-1,0,0,-18,-18,-0.9,-18.9
Rising Tides,Nora Roberts,Book,-1,0,0,-13,-13,-0.65,-13.65
The Most Haunted House 3D Book - Hardcover,Nicola Baxter,Book,1,20,0,0,20,1,21
The Restless Kings,Nick Barratt;,Book,1,19,0,0,19,0.95,19.95
A Short History of the World in 50 Lies,Natasha Tidd;,Book,1,25,-0.94,0,24.06,1.2,25.26
"Kaiju No. 8, Vol. 9",Naoya Matsumoto;,Book,1,36.8,0,0,36.8,1.84,38.64
Why Trust Science?,Naomi Oreskes;,Book,1,25,0,0,25,1.25,26.25
Daughters of Dissidents Need Not Apply,Nadina Ronc,Book,1,35,0,0,35,1.75,36.75
Self-Care for the Real World - Hardcover,Nadia Narain; Katia Narain Phillips;,Book,1,28,0,0,28,1.4,29.4
Hungry Hyena,Mwenye Hadithi; Adrienne Kennaway;,Book,1,13,0,0,13,0.65,13.65
Since You've Been Gone,Morgan Matson,Book,1,22.99,-0.69,0,22.3,1.12,23.42
The Return of the Butterfly,Moni Mohsin,Book,1,18,0,0,18,0.9,18.9
13 Ways of Looking at a Fat Girl,Mona Awad;,Book,1,28,0,0,28,1.4,29.4
Exit West,Mohsin Hamid;,Book,1,22,0,0,22,1.1,23.1
Moth Smoke,Mohsin Hamid,Book,1,19,0,0,19,0.95,19.95
Realms,Mohamed Al Qadi,Book,0,14,0,-14,0,0,0
Gone,Mo Hayder;,Book,1,15,-1.17,0,13.83,0.69,14.52
Breakfast is Served,Mitchell Beazley; Laura Ascari; Elisa Paganelli;,Book,1,22,0,0,22,1.1,23.1
The Next Person You Meet in Heaven - Hardcover,Mitch Albom;,Book,1,28,-10,0,18,0.9,18.9
The Paper Palace,Miranda Cowley Heller;,Book,1,38,0,0,38,1.9,39.9
The Strange Adventure of a Broke Mercenary (Light Novel) Vol. 2,Mine;,Book,0,20,0,-20,0,0,0
Pachinko,Min Jin Lee;,Book,1,22.99,-2.23,0,20.76,1.04,21.8
The Fast Beach Diet,Mimi Spencer;,Book,1,4,-0.39,0,3.61,0.18,3.79
Arabs - All You Need to Know,Michel Sedaghat;,Book,1,15,0,0,15,0.75,15.75
"Good Girl, Bad Girl",Michael Robotham;,Book,1,23,0,0,23,1.15,24.15
THE REVENANT,Michael Punke,Book,1,13,0,0,13,0.65,13.65
War Horse,Michael Morpurgo;,Book,1,15,0,0,15,0.75,15.75
Kensuke's Kingdom,Michael Morpurgo,Book,2,35,0,0,35,1.75,36.75
Scotland and Its Whiskies,Michael Jackson;,Book,1,25,0,0,25,1.25,26.25
Gone #1,Michael Grant;,Book,1,25,0,0,25,1.25,26.25
The Lincoln Lawyer,Michael Connelly;,Book,1,12.99,-1.01,0,11.98,0.6,12.58
The Fix,Mia Sheridan;,Book,1,28,0,0,28,1.4,29.4
Unnatural,Mia Sheridan;,Book,1,30,0,0,30,1.5,31.5
Stories for 6 Year Olds,Melanie Joyce;,Book,1,13,0,0,13,0.65,13.65
Ruthless Women,Melanie Blake;,Book,1,25,0,0,25,1.25,26.25
"Judy Moody, Girl Detective",Megan McDonald;,Book,1,16,0,0,16,0.8,16.8
Stink and the Attack of the Slime Mold,Megan McDonald;,Book,1,16,0,0,16,0.8,16.8
Reading Wonders Literature Anthology Grade 2,McGraw-Hill Education;,Book,1,25,0,0,25,1.25,26.25
Reading Wonders Reading/Writing Workshop - (Hardcover),McGraw-Hill Education;,Book,1,23,0,0,23,1.15,24.15
Who Let the Gods Out?,Maz Evans;,Book,1,20,0,0,20,1,21
Residential Interior Design,Maureen Mitton; Courtney Nystuen;,Book,1,25,0,0,25,1.25,26.25
Interior Design Visual Presentation,Maureen Mitton;,Book,1,20,0,0,20,1,21
The Attack of Professor Zoom! (DC Super Heroes. the Flash),Matthew Manning,Book,1,18,-1.59,0,16.41,0.82,17.23
Frankenstein,Mary Wollstonecraft Shelley;,Book,0,18,0,-18,0,0,0
Unfinished Portrait,Mary Westmacott; Agatha Christie;,Book,1,20.99,-1.08,0,19.91,1,20.91
Buffalo Before Breakfast,Mary Pope Osborne;,Book,1,18,0,0,18,0.9,18.9
Dingoes at Dinnertime,Mary Pope Osborne;,Book,1,13,0,0,13,0.65,13.65
Dogs in the Dead of Night,Mary Pope Osborne;,Book,1,15,0,0,15,0.75,15.75
Les petits ramoneurs de Londres,Mary Pope Osborne;,Book,1,20,0,0,20,1,21
A Ghost Tale for Christmas Time,Mary Pope Osborne,Book,1,13,0,0,13,0.65,13.65
The Borrowers,Mary Norton;,Book,1,19,0,0,19,0.95,19.95
The Puppet's Payback and Other Chilling Tales,Mary Downing Hahn;,Book,1,18,0,0,18,0.9,18.9
Tajemnica szkoly- [Hardcover],Martin Widmark; Helena Willis;,Book,1,18,0,0,18,0.9,18.9
First Dictionary,Martin H. Manser,Book,1,16,0,0,16,0.8,16.8
Shhh! Don't Wake the Royal Baby,Martha Mumford,Book,1,18,0,0,18,0.9,18.9
What Got You Here Won't Get You There,Marshall Goldsmith; Mark Reiter;,Book,1,20,0,0,20,1,21
A Connecticut Yankee in King Arthur's Court,Mark Twain;,Book,1,15,0,0,15,0.75,15.75
Everything Is F*cked: A Book About Hope,Mark Manson;,Book,1,30,0,0,30,1.5,31.5
Prince of Thorns,Mark Lawrence;,Book,1,22,0,0,22,1.1,23.1
Hard Rain,Mark Edwards;,Book,1,25,0,0,25,1.25,26.25
There Was an Old Lady Who Swallowed a Fly,Mark Carthew; Michael Rosen;,Book,1,20,0,0,20,1,21
Buried,Mark Billingham,Book,1,13,0,0,13,0.65,13.65
Scarlet,Marissa Meyer;,Book,1,25,0,0,25,1.25,26.25
The Last Don,Mario Puzo;,Book,5,165,0,-90,75,3.75,78.75
Houses,Mariette Himes Gomez;,Book,1,30,0,0,30,1.5,31.5
Pig Tales,Marie Darrieussecq;,Book,1,20,0,0,20,1,21
From Lukov with Love,Mariana Zapata;,Book,1,24.99,-1.04,0,23.95,1.2,25.15
Married To A Bedouin,Marguerite van Geldermalsen,Book,1,20,0,0,20,1,21
"Good Day, Good Night",Margaret Wise Brown;,Book,1,23,0,0,23,1.15,24.15
Sorcery of Thorns,Margaret Rogerson;,Book,1,28,0,0,28,1.4,29.4
Curious Pursuits,Margaret Atwood;,Book,1,18,0,0,18,0.9,18.9
The Handmaid's Tale,Margaret Atwood,Book,1,28,0,0,28,1.4,29.4
Meditations,Marcus Aurelius;,Book,1,23,0,0,23,1.15,24.15
I Know You're in There,Marcia Hinds;,Book,0,23,0,-23,0,0,0
La Prisonniere,Malika Oufkir,Book,1,13,0,0,13,0.65,13.65
Tropiciele,Malgorzata Karolina Piekarska;,Book,1,18,0,0,18,0.9,18.9
Dictionary of Space,Malcolm Plant;,Book,1,20,0,0,20,1,21
The Bomber Mafia,Malcolm Gladwell;,Book,1,28,0,0,28,1.4,29.4
I Am Malala,Malala Yousafzai,Book,1,18,0,0,18,0.9,18.9
The Usborne Big Book of English Words,Mairi Mackinnon ; Kate Hindley;,Book,1,22.99,-1.05,0,21.94,1.1,23.04
Goodnight Mister Tom,Magorian Michelle,Book,1,22,0,0,22,1.1,23.1
The Marriage Portrait,Maggie O'Farrell;,Book,1,33,0,0,33,1.65,34.65
The Copper Beech,Maeve Binchy;,Book,0,5,0,-5,0,0,0
Better Than the Movies,Lynn Painter;,Book,2,53,-1.17,0,51.83,2.59,54.42
Little Vampire Women,Lynn Messina; Louisa May Alcott;,Book,1,20,0,0,20,1,21
The Boy I Love,Lynda Bellingham,Book,1,5,0,0,5,0.25,5.25
Things We Left Behind,Lucy Score;,Book,1,28,0,0,28,1.4,29.4
Anne of Green Gables,Lucy Maud Montgomery;,Book,0,28,0,-28,0,0,0
Rome and the Vatican,Lozzi Roma,Book,1,15,0,0,15,0.75,15.75
Avoiding the Punch: Investing in Uncertain Times,Louis-Vincent Gave,Book,1,20,0,0,20,1,21
Australia,Lonely Planet,Book,1,18,-1.74,0,16.26,0.81,17.07
Play Along,Liz Tomforde;,Book,2,82,0,0,82,4.1,86.1
The Right Move,Liz Tomforde;,Book,1,20,0,0,20,1,21
Tom Gates: Dog Zombies Rule (for Now),Liz Pichon;,Book,1,19,0,0,19,0.95,19.95
The God of the Woods,Liz Moore;,Book,1,30,0,0,30,1.5,31.5
Emily Windsnap and the Monster from the Deep,Liz Kessler;,Book,1,20,0,0,20,1,21
Dreams of Joy (Hardcover),Lisa See;,Book,1,30,-1.54,0,28.46,1.42,29.88
The Family Upstairs,Lisa Jewell;,Book,1,20,0,0,20,1,21
Watching You,Lisa Jewell,Book,1,33,0,0,33,1.65,34.65
Big Brother,Lionel Shriver;,Book,1,20,0,0,20,1,21
So Much for That,Lionel Shriver;,Book,1,20,0,0,20,1,21
Lunch with the FT- [Hardcover],Lionel Barber;,Book,1,35,0,0,35,1.75,36.75
Fear the Worst,Linwood Barclay;,Book,1,20,-1.58,0,18.42,0.92,19.34
Too Close to Home,Linwood Barclay;,Book,1,15,0,0,15,0.75,15.75
Pregnancy To Parenthood,Linda Goldberg; Ginny Brinkley; Janice Kukar;,Book,1,18,0,0,18,0.9,18.9
Apples Never Fall,Liane Moriarty;,Book,1,25,0,0,25,1.25,26.25
Truly Madly Guilty,Liane Moriarty;,Book,1,18,0,0,18,0.9,18.9
Apples Never Fall,Liane Moriarty,Book,1,28,0,0,28,1.4,29.4
Forces for Good- (Hardcover),Leslie R. Crutchfield; Heather McLeod Grant;,Book,1,33,0,0,33,1.65,34.65
Siege and Storm,Leigh Bardugo;,Book,1,22,0,0,22,1.1,23.1
Vegan Cooking for One,Leah Leneman;,Book,1,18,0,0,18,0.9,18.9
The Book of Negroes,Lawrence Hill;,Book,1,30,0,0,30,1.5,31.5
Les dieux voyagent toujours incognito,Laurent Gounelle;,Book,1,18,0,0,18,0.9,18.9
Delirium: The Delirium Trilogy,Lauren Oliver,Book,1,19.99,-0.83,0,19.16,0.96,20.12
Vanishing Girls,Lauren Oliver,Book,1,13,0,0,13,0.65,13.65
Disco Mystery,Lauren Holowaty; Sunbird Books Staff;,Book,1,10,0,0,10,0.5,10.5
Love Unwritten,Lauren Asher;,Book,1,41,0,0,41,2.05,43.05
The Fine Print,Lauren Asher;,Book,1,25,0,0,25,1.25,26.25
Terms and Conditions,Lauren Asher,Book,1,28,0,0,28,1.4,29.4
The Last Thing He Told Me,Laura Dave,Book,1,28,0,0,28,1.4,29.4
The Girl with the Dragon Tattoo,"Larsson, Stieg;",Book,-1,0,0,-18,-18,-0.9,-18.9
Freedom at Midnight. Film Tie-In,Larry Collins - Dominique Lapierre,Book,1,25,0,0,25,1.25,26.25
Memories - Hardcover,Lang Leav,Book,1,28,0,0,28,1.4,29.4
It's Not About The Bike: My Journey Back To Life,Lance Armstrong,Book,1,19,0,0,19,0.95,19.95
Ladybird Tales: Dick Whittington (Hardcover),Ladybird;,Book,1,15,0,0,15,0.75,15.75
Rilla of Ingleside,L. M. Montgomery;,Book,1,28,0,0,28,1.4,29.4
The Wonderful Wizard of Oz (HarperCollins Children's Classics),L. Frank Baum;,Book,1,22.99,-1.04,0,21.95,1.1,23.05
House of Hollow,Krystal Sutherland;,Book,1,22,0,0,22,1.1,23.1
My Hero Academia Vol. 1,Kohei Horikoshi;,Book,1,23,0,0,23,1.15,24.15
Counterfeit,Kirstin Chen;,Book,1,50,0,0,50,2.5,52.5
Ten on the Sled,Kim Norman;,Book,1,17.99,-0.81,0,17.18,0.86,18.04
And the Mountains Echoed,Khaled Hosseini,Book,1,23,0,0,23,1.15,24.15
Essential Scrum,Kenneth S. Rubin;,Book,1,23,0,0,23,1.15,24.15
Cure Your Child with Food: The Hidden Connection Between Nutrition and Childhood Ailments,Kelly Dorfman ; Richard E. Layton M.D. ;,Book,1,25,0,0,25,1.25,26.25
The Project Management Pocketbook,Keith Posner; Michael Applegarth;,Book,1,13,0,0,13,0.65,13.65
Leading Without Authority,Keith Ferrazzi;,Book,1,30,0,0,30,1.5,31.5
Amulet: The Stonekeeper (Book 1),Kazu Kibuishi,Book,1,26,0,0,26,1.3,27.3
Oliver Twist - Hardcover,Kathleen Olmstead; Charles Dickens;,Book,1,20,0,0,20,1,21
Twin Crowns,Katherine Webber; Catherine Doyle;,Book,1,24.99,-1.04,0,23.95,1.2,25.15
The Explorer,Katherine Rundell;,Book,1,19,0,0,19,0.95,19.95
The House at Riverton,Kate Morton;,Book,1,25,0,0,25,1.25,26.25
The Magician's Elephant,Kate DiCamillo;,Book,1,20,0,0,20,1,21
The Tiger Rising,Kate DiCamillo;,Book,1,13,0,0,13,0.65,13.65
When the Tooth Fairy Forgot,Karen McCombie;,Book,1,10,0,0,10,0.5,10.5
One of Us is Lying,Karen M. McManus,Book,2,45,0,0,45,2.25,47.25
"Way to Go, Zoe!",Kara McMahon;,Book,1,13,0,0,13,0.65,13.65
The Promised Neverland vol.4,Kaiu Shirai;,Book,1,32,0,0,32,1.6,33.6
"The Promised Neverland, Vol. 19",Kaiu Shirai;,Book,1,32,0,0,32,1.6,33.6
"The Promised Neverland, Vol. 20",Kaiu Shirai;,Book,1,32,0,0,32,1.6,33.6
The Prophet- (Hardcover),Kahlil Gibran;,Book,1,20,0,0,20,1,21
The House of the Mosque,Kader Abdolah;,Book,1,19,0,0,19,0.95,19.95
Jaded Dubai Dreams,Jyoti Chachara Asarpota,Book,1,20,0,0,20,1,21
Tumber-bumber,Junna Morits;,Book,1,25,0,0,25,1.25,26.25
Collins Big Cat: Underwater Treasure,Juliet Kerrigan;,Book,1,20,-0.91,0,19.09,0.95,20.04
The Bridgerton; When He Was Wicked,Julia Quinn;,Book,1,50,0,-25,25,1.25,26.25
The Bridgerton: It's In His Kiss,Julia Quinn;,Book,1,50,0,-25,25,1.25,26.25
"The Bridgerton: To Sir Phillip, With Love",Julia Quinn;,Book,1,50,0,-25,25,1.25,26.25
The Duke and I (Bridgertons),Julia Quinn,Book,1,17,0,0,17,0.85,17.85
The Snail and the Whale Sticker Book,Julia Donaldson;,Book,1,19.99,-1,0,18.99,0.95,19.94
The Artist's Way,Julia Cameron;,Book,1,33,0,0,33,1.65,34.65
When Hitler Stole Pink Rabbit,Judith Kerr;,Book,1,25,0,0,25,1.25,26.25
Kitchens,Josh Garskof;,Book,1,18,0,0,18,0.9,18.9
Les mercredis de Loulou,Josette Chicheportiche,Book,1,13,0,0,13,0.65,13.65
The Amulet of Samarkand,Jonathan Stroud;,Book,1,13,0,0,13,0.65,13.65
The Righteous Mind,Jonathan Haidt;,Book,1,20,0,0,20,1,21
The Secret History of the World,Jonathan Black;,Book,1,20,0,0,20,1,21
The Giver of Stars,Jojo Moyes;,Book,1,32,0,0,32,1.6,33.6
The Ship of Brides,Jojo Moyes;,Book,1,25,0,0,25,1.25,26.25
Me Before You,Jojo Moyes,Book,1,23,0,0,23,1.15,24.15
East of Eden,John Steinbeck;,Book,1,16,0,0,16,0.8,16.8
The Hobbit,John Ronald Reuel Tolkien;,Book,1,19,0,0,19,0.95,19.95
The Lord of the Rings,John Ronald Reuel Tolkien;,Book,1,20,0,0,20,1,21
InvestiGators: Class Action,John Patrick Green;,Book,1,23,0,0,23,1.15,24.15
Investigators: Take the Plunge,John Patrick Green;,Book,1,23,0,0,23,1.15,24.15
Mr Bumble's Snowman- (Hardcover),John Patience,Book,1,13,0,0,13,0.65,13.65
Golf - Hardcover,John Morgan,Book,-1,0,0,-3,-3,-0.15,-3.15
What Lies Between Us,John Marrs;,Book,1,28,0,0,28,1.4,29.4
Knowledge Is Power,John Henry;,Book,1,23,0,0,23,1.15,24.15
Far Cry,John Harvey,Book,1,5,0,0,5,0.25,5.25
Turtles All the Way Down,John Green,Book,1,19,0,0,19,0.95,19.95
The Last Godfathers,John Follain; John;,Book,1,15,0,0,15,0.75,15.75
The Burning Soul,John Connolly;,Book,1,11,0,0,11,0.55,11.55
Hush Little Ones (Hardcover),John Butler;,Book,1,20,0,0,20,1,21
Bully,Joey Graceffa;,Book,1,28,0,0,28,1.4,29.4
50 Physics Ideas You Really Need to Know - Hardcover,Joanne Baker;,Book,1,28,0,0,28,1.4,29.4
"Juli, die Viererkette (Hardcover)",Joachim Masannek;,Book,1,19,0,0,19,0.95,19.95
Sunset Over the Cherry Orchard,Jo Thomas,Book,-1,0,0,-6,-6,-0.3,-6.3
The Human Cosmos,Jo Marchant;,Book,1,23,0,0,23,1.15,24.15
The Dumbest Idea Ever!,Jimmy Gownley;,Book,1,28,0,0,28,1.4,29.4
Good to Great - Hardcover,Jim Collins,Book,1,35,0,0,35,1.75,36.75
The Problem with Here is that It's where I'm from,Jim Benton;,Book,1,13,-0.39,0,12.61,0.63,13.24
Score!,Jilly Cooper;,Book,0,4,0,-4,0,0,0
Three Men in a Boat,Jerome K. Jerome;,Book,1,16,0,0,16,0.8,16.8
Three Men in a Boat,Jerome K Jerome;,Book,1,16,0,0,16,0.8,16.8
Then Came You,Jennifer Weiner;,Book,1,4,0,0,4,0.2,4.2
Holding Up the Universe,Jennifer Niven,Book,1,36,0,-18,18,0.9,18.9
A Light in the Flame - Hardcover,Jennifer L. Armentrout;,Book,1,35,0,0,35,1.75,36.75
Little Secrets,Jennifer Hillier;,Book,2,45,0,0,45,2.25,47.25
Diary of a Wimpy Kid - The Getaway,Jeff Kinney;,Book,1,16,0,0,16,0.8,16.8
Diary Of A Wimpy Kid : Old School,Jeff Kinney;,Book,1,16,0,0,16,0.8,16.8
Diary of a Wimpy Kid 14: Wrecking Ball,Jeff Kinney;,Book,1,16,0,0,16,0.8,16.8
Diary of a Wimpy Kid 16: Big Shot,Jeff Kinney;,Book,1,16,0,0,16,0.8,16.8
Diary of a Wimpy Kid: Big Shot,Jeff Kinney;,Book,1,16,0,0,16,0.8,16.8
Diary of a Wimpy Kid: No Brainer - Hardcover,Jeff Kinney;,Book,1,24,0,0,24,1.2,25.2
Diary of a Wimpy Kid: Old School - Hardcover,Jeff Kinney;,Book,1,20,0,0,20,1,21
Diary of an Awesome Friendly Kid,Jeff Kinney;,Book,1,15,0,0,15,0.75,15.75
The Wimpy Kid Movie Diary - Hardcover,Jeff Kinney;,Book,1,25,0,0,25,1.25,26.25
Diary of a Wimpy Kid -Hard Luck,Jeff Kinney,Book,2,26,0,0,26,1.3,27.3
Diary of a Wimpy Kid: Cabin Fever,Jeff Kinney,Book,1,13,0,0,13,0.65,13.65
Diary of a Wimpy Kid: Double Down - Hardcover,Jeff Kinney,Book,1,25,0,0,25,1.25,26.25
Diary of a Wimpy Kid: The Deep End,Jeff Kinney,Book,1,16,0,0,16,0.8,16.8
Diary of a Wimpy Kid: The Getaway - (Hardcover),Jeff Kinney,Book,1,25,0,0,25,1.25,26.25
Diary of a Wimpy Kid: The Meltdown - Hardcover,Jeff Kinney,Book,1,24,0,0,24,1.2,25.2
Diary of a Wimpy Kid: The Meltdown- Hardcover,Jeff Kinney,Book,1,25,0,0,25,1.25,26.25
"Ransom: from the award-winning author of Remembering Babylon, An Imaginary Life and Johnno",Jeff Kinney,Book,1,13,-0.49,0,12.51,0.62,13.13
The Wimpy Kid Movie Diary - Hardcover,Jeff Kinney,Book,1,24,0,0,24,1.2,25.2
Louvre Abu Dhabi,Jean-François Charnier;,Book,1,33,0,0,33,1.65,34.65
Antigone (La petite vermillon) (French Edition),Jean Anouilh;,Book,1,13,0,0,13,0.65,13.65
Millennium Family Encyclopedia( Reference and Index )- Hardcover,Jayne Parsons,Book,1,25,0,0,25,1.25,26.25
Millennium Family Encyclopedia(P to Z)- Hardcover,Jayne Parsons,Book,1,25,0,0,25,1.25,26.25
The Last Musketeer,Jason,Book,1,23,0,0,23,1.15,24.15
Eden Falls,Jane Sanderson;,Book,1,18,0,0,18,0.9,18.9
Emma,Jane Austen,Book,1,23,0,0,23,1.15,24.15
"84, Charing Cross Road","James Roose-Evans (Playwright, Adapter) ; Helene Hanff;",Book,1,21,0,0,21,1.05,22.05
NYPD Red 4,James Patterson; Marshall Karp;,Book,1,5,0,0,5,0.25,5.25
Breath: The New Science of a Lost Art,James Nestor;,Book,1,33,0,0,33,1.65,34.65
Light of the World,James Lee Burke;,Book,1,11,0,0,11,0.55,11.55
Endgame: Sky Key,James Frey; Nils Johnson-Shelton;,Book,1,28,0,0,28,1.4,29.4
Endgame: The Calling,James Frey; Nils Johnson-Shelton;,Book,1,23,0,0,23,1.15,24.15
The Last of the Mohigans,James Fenimore Cooper;,Book,1,4,0,0,4,0.2,4.2
Dancing the Charleston,Jacqueline Wilson;,Book,1,24,0,0,24,1.2,25.2
Emerald Star,Jacqueline Wilson;,Book,1,20,0,0,20,1,21
Midnight,Jacqueline Wilson;,Book,1,18,-1.73,0,16.27,0.81,17.08
The Werepuppy,Jacqueline Wilson;,Book,1,13,0,0,13,0.65,13.65
Glubbslyme,Jacqueline Wilson,Book,1,18,0,0,18,0.9,18.9
Lily Alone,Jacqueline Wilson,Book,1,18,-1.73,0,16.27,0.81,17.08
My Sister Jodie,Jacqueline Wilson,Book,2,38.99,-1.43,0,37.56,1.88,39.44
The Dare Game,Jacqueline Wilson,Book,1,14.99,-1.43,0,13.56,0.68,14.24
The Story of Tracy Beaker,Jacqueline Wilson,Book,1,18,-1.73,0,16.27,0.81,17.08
Winning,Jack Welch; Suzy Welch;,Book,1,25,0,0,25,1.25,26.25
The Wolf at the Door,Jack Higgins;,Book,1,20,0,0,20,1,21
J'aime lire 201,J'aime Lire,Book,1,20,0,0,20,1,21
J'Aime Lire Max 197,J'aime Lire,Book,1,20,0,0,20,1,21
The Hobbit,J. R. R. Tolkien,Book,1,22,0,0,22,1.1,23.1
Peter Pan,J. M. Barrie;,Book,1,20,0,0,20,1,21
Harry Potter and the Chamber of Secrets - Slytherin Edition,J. K. Rowling;,Book,1,25,0,0,25,1.25,26.25
Harry Potter and the Chamber of Secrets,J. K. Rowling,Book,0,19,0,-23,-4,-0.2,-4.2
Harry Potter and the Deathly Hallows,J. K. Rowling,Book,1,24,0,0,24,1.2,25.2
"The 38 Letters from J.D. Rockefeller to his son: Perspectives, Ideology, and Wisdom",J D Rockefeller,Book,1,20,0,0,20,1,21
Daughter of Fortune,Isabel Allende;,Book,1,13,0,0,13,0.65,13.65
My Name Is Emilia Del Valle,Isabel Allende;,Book,1,24.99,-2.43,0,22.56,1.13,23.69
Good Night Stories,Infinity Publishing,Book,1,10,0,0,10,0.5,10.5
Arab Folktales,Inea Bushnaq;,Book,1,25,0,0,25,1.25,26.25
Tinkle Double Digest #7,India Book House,Book,1,12.99,-1.2,0,11.79,0.59,12.38
The Courage to Be Disliked,ICHIRO. KOGA KISHIMI (FUMITAKE.); Fumitake Koga;,Book,1,28,0,0,28,1.4,29.4
Why the West Rules - for Now,Ian Morris;,Book,1,27.99,-1.05,0,26.94,1.35,28.29
On Chesil Beach- Hardcover,Ian McEwan;,Book,1,17.99,-0.68,0,17.31,0.87,18.18
Saturday,Ian McEwan;,Book,1,15,0,0,15,0.75,15.75
Raising Confident Girls,Ian Grant; Mary Grant;,Book,1,23,0,0,23,1.15,24.15
Casino Royale,Ian Fleming;,Book,1,20,0,0,20,1,21
Little Badman and the Radioactive Samosa,Humza Arshad; Henry White;,Book,1,10,0,0,10,0.5,10.5
The Psychology of Money,"Housel, Morgan",Book,1,30,0,0,30,1.5,31.5
The Iliad. [Ilias. Epos]. Transl. (from Greek) by E. V. Rieu. (Repr.).,Homeros;,Book,1,13,0,0,13,0.65,13.65
A Good Girl's Guide to Murder,Holly Jackson;,Book,2,45,-1.57,0,43.43,2.17,45.6
As Good As Dead,Holly Jackson;,Book,1,15,0,0,15,0.75,15.75
"Good Girl, Bad Blood (A Good Girl’s Guide to Murder, Book 2)",Holly Jackson;,Book,1,15,0,0,15,0.75,15.75
A Good Girl's Guide to Murder,Holly Jackson,Book,1,25,0,0,25,1.25,26.25
Five Survive,Holly Jackson,Book,1,25,0,0,25,1.25,26.25
Good Girl Bad Blood,Holly Jackson,Book,1,25,0,0,25,1.25,26.25
The Cruel Prince,Holly Black;,Book,0,25,0,-20,5,0.25,5.25
Japanese For Dummies,Hiroko M. Chiba; Eriko Sato;,Book,1,25,0,0,25,1.25,26.25
State of Terror,"Hillary Rodham Clinton , Louise Penny",Book,1,23,0,0,23,1.15,24.15
Siddhartha,Hermann Hesse;,Book,1,25,0,0,25,1.25,26.25
Amelia Bedelia and the Cat,Herman Parish;,Book,1,13,0,0,13,0.65,13.65
Amelia Bedelia Sleeps Over,Herman Parish,Book,1,10,0,0,10,0.5,10.5
Meg and Mog,Helen Nicoll; Jan Pienkowski;,Book,1,18,0,0,18,0.9,18.9
The Kiss Quotient,Helen Hoang;,Book,1,23,0,0,23,1.15,24.15
What to Expect the First Year,Heidi Eisenberg Murkoff; Arlene Eisenberg; Sandee Eisenberg Hathaway;,Book,1,22,0,0,22,1.1,23.1
From Trucial States to United Arab Emirates,"Heard-Bey, Frauke;",Book,1,28,0,0,28,1.4,29.4
Norwegian Wood,Hauki Murakami,Book,2,56,0,0,56,2.8,58.8
Underground,Haruki Murakami;,Book,1,25,0,0,25,1.25,26.25
Hard-boiled Wonderland and the End of the World,Haruki Murakami,Book,1,25,0,0,25,1.25,26.25
Go Set a Watchman- [Hardcover],Harper Lee;,Book,1,30,0,0,30,1.5,31.5
Factfulness (Illustrated),Hans Rosling; Ola Rosling; Anna Rosling Rönnlund;,Book,1,20,0,0,20,1,21
Curious George,Hans Augusto Rey;,Book,1,20,0,0,20,1,21
Curious George Grows a Garden,Hans Augusto Rey;,Book,1,17.99,-1.66,0,16.33,0.82,17.15
The World In 2050,Hamish McRae;,Book,1,39,0,0,39,1.95,40.95
The Midnight Library,Haig Matt;,Book,1,28,0,0,28,1.4,29.4
Invisible Man / the Food of the Gods,H. G. Wells;,Book,1,23,0,0,23,1.15,24.15
Does It Hurt?,H. D. Carlton,Book,1,28,0,0,28,1.4,29.4
Curious George:The Donut Delivery,H. A. Rey;,Book,1,18,0,0,18,0.9,18.9
The Firm,Grisham; John Grisham;,Book,1,13,0,0,13,0.65,13.65
Shantaram,Gregory David Roberts;,Book,1,20,0,0,20,1,21
He's Just Not that Into You,Greg Behrendt,Book,1,18,0,0,18,0.9,18.9
The 10X Rule - Hardcover,Grant Cardone;,Book,1,30,0,0,30,1.5,31.5
Brighton Rock,Graham Greene;,Book,1,23,0,0,23,1.15,24.15
Ooread,Grace Karim,Book,1,35,-1.79,0,33.21,1.66,34.87
Asterix and the Big Fight,Goscinny,Book,1,22,0,0,22,1.1,23.1
Lottie's Letter,Gordon Snell;,Book,1,15,0,0,15,0.75,15.75
The Complete Sleep Guide for Contented Babies and Toddlers,Gina Ford;,Book,1,19,0,0,19,0.95,19.95
Pinkabella and the Fairy Goldmother - Hardcover,Gillian Rogerson; Bruno Merz;,Book,1,15,-0.76,0,14.24,0.71,14.95
The Demon Headmaster,Gillian Cross;,Book,1,13,0,0,13,0.65,13.65
1000 Extreme and Extraordinary Dinosaur Facts - Hardcover,Gill Davies;,Book,1,25,0,0,25,1.25,26.25
Il y a une maison dans ma maman,Giles Andreae; Vanessa Cabban;,Book,1,10,0,0,10,0.5,10.5
The Picture Bride,Geum Yi-Lee;,Book,1,24.99,-1.27,0,23.72,1.19,24.91
Scholastic: Thea Stilton and the Dragon's Code,Geronimo Stilton; Thea Stilton;,Book,1,18,0,0,18,0.9,18.9
The Treasure of the Sea - Hardcover,Geronimo Stilton; Thea Stilton;,Book,1,25,0,0,25,1.25,26.25
Geronimo Stilton : The Hunt for the Curious Cheese - Hardcover,Geronimo Stilton;,Book,1,25,0,0,25,1.25,26.25
Geronimo Stilton Special Edition: Journey Through Time- (Hardcover),Geronimo Stilton;,Book,1,25,0,0,25,1.25,26.25
Geronimo Stilton: Flood Mission,Geronimo Stilton;,Book,1,18,0,0,18,0.9,18.9
Geronimo Stilton: The Mummy with No Name,Geronimo Stilton;,Book,1,18,0,0,18,0.9,18.9
"Merry Christmas, Geronimo!",Geronimo Stilton;,Book,1,18,0,0,18,0.9,18.9
The Giant Diamond Robbery,Geronimo Stilton;,Book,1,18,0,0,18,0.9,18.9
The Wizard's Wand  - Hardcover,Geronimo Stilton;,Book,1,25,0,0,25,1.25,26.25
Geronimo Stilton: #56 Flight of the Red Bandit,Geronimo Stilton,Book,1,21,0,0,21,1.05,22.05
Geronimo Stilton: Back in Time - Hardcover,Geronimo Stilton,Book,1,25,0,0,25,1.25,26.25
Geronimo Stilton: Save the White Whale!,Geronimo Stilton,Book,1,10.01,-0.93,0,9.08,0.44,9.52
"Get Into Gear, Stilton!",Geronimo Stilton,Book,1,18,0,0,18,0.9,18.9
"Hug a Tree, Geronimo",Geronimo Stilton,Book,1,10,0,0,10,0.5,10.5
Magical Mission,Geronimo Stilton,Book,1,18,0,0,18,0.9,18.9
Slurp Monster Showdown,Geronimo Stilton,Book,1,18,0,0,18,0.9,18.9
Spacemice: Alien Escape,Geronimo Stilton,Book,1,18,0,0,18,0.9,18.9
The Dragon Prophecy - Hardcover,Geronimo Stilton,Book,1,25,0,0,25,1.25,26.25
The Galactic Goal,Geronimo Stilton,Book,1,18,0,0,18,0.9,18.9
The Stone of Fire,Geronimo Stilton,Book,1,18,0,0,18,0.9,18.9
The Super Chef Contest,Geronimo Stilton,Book,1,18,0,0,18,0.9,18.9
The Cat and the Bird: A Children's Book Inspired by Paul Klee (Hardcover),Geraldine Elschner,Book,1,20,0,0,20,1,21
The Unknown Soldier,Gerald Seymour,Book,1,18,0,0,18,0.9,18.9
The Three Little Witches Storybook,Georgie Adams; Emily Bolam;,Book,1,12.99,-0.65,0,12.34,0.62,12.96
A Knight of the Seven Kingdoms,"George R.R. Martin , Gary Gianni (Illustrator)",Book,1,25,0,0,25,1.25,26.25
Clash of Kings,George R. R. Martin,Book,1,20,0,0,20,1,21
1984,George Orwell;,Book,1,23,-1.18,0,21.82,1.09,22.91
Animal Farm,George Orwell;,Book,2,39,0,0,39,1.95,40.95
1984,George Orwell,Book,1,15,0,0,15,0.75,15.75
Middlemarch,George Eliot;,Book,1,18,0,0,18,0.9,18.9
"Jujutsu Kaisen, Vol. 1",Gege Akutami;,Book,1,25,0,0,25,1.25,26.25
The Gift of Fear,Gavin De Becker;,Book,1,48.2,0,0,48.2,2.41,50.61
Five-minute Bedtime Stories,"Gallagher, Belinda",Book,1,30,0,0,30,1.5,31.5
Eleanor Oliphant is Completely Fine,Gail Honeyman;,Book,1,20,0,0,20,1,21
One Hundred Years of Solitude,Gabriel Garcia Marquez;,Book,1,25,-1.28,0,23.72,1.18,24.9
World History,Funtastic Publishing; Nicola Barber;,Book,1,22,0,0,22,1.1,23.1
The Joyous Science,Friedrich Nietzsche;,Book,1,22,0,0,22,1.1,23.1
The Housemaid,Freida McFadden;,Book,5,205,0,0,205,10.25,215.25
The Housemaid's Secret,Freida McFadden;,Book,3,109.4,0,0,109.4,5.47,114.87
The Intruder,Freida McFadden;,Book,1,47,0,0,47,2.35,49.35
A Man Called Ove,Fredrik Backman;,Book,1,28,0,0,28,1.4,29.4
The Outsider,Frederick Forsyth;,Book,1,15,0,0,15,0.75,15.75
Angela's Ashes,Frank McCourt;,Book,1,13,0,0,13,0.65,13.65
Dune (Movie Tie-In),Frank Herbert;,Book,1,30,0,0,30,1.5,31.5
Black Panther Little Golden Book (Marvel: Black Panther),Frank Berrios;,Book,1,13,0,0,13,0.65,13.65
The Amazing Spider-Man (Marvel: Spider-Man),Frank Berrios;,Book,1,13,-1.15,0,11.85,0.59,12.44
A Horrid Factbook?,Francesca Simon;,Book,1,13,-1.2,0,11.8,0.59,12.39
Horrid Henry,Francesca Simon;,Book,1,13,-0.39,0,12.61,0.63,13.24
Horrid Henry Shows Who's Boss,Francesca Simon;,Book,1,18,-0.53,0,17.47,0.87,18.34
Horrid Henry's Car Journey (Early Reader) *Custom*,Francesca Simon;,Book,1,13,-1.2,0,11.8,0.59,12.39
Horrid Henry's House of Horrors,Francesca Simon;,Book,1,13,-0.39,0,12.61,0.63,13.24
Horrid Henry's Mother's Day,Francesca Simon;,Book,1,14.99,-0.44,0,14.55,0.73,15.28
Horrid Henry's Nits,Francesca Simon;,Book,1,13,-1.2,0,11.8,0.59,12.39
Bella Tuscany,Frances Mayes,Book,1,18,0,0,18,0.9,18.9
A Little Princess,Frances Hodgson Burnett;,Book,1,20,0,0,20,1,21
A Place Called Freedom,"Follett, Ken;",Book,1,28,0,0,28,1.4,29.4
1984- Hardcover,Fido Nesti; George Orwell;,Book,1,69,0,0,69,3.45,72.45
Napoleon,Felix Markham;,Book,1,15.01,-0.57,0,14.44,0.71,15.15
The Clumsy Crocodile,Felicity Everett;,Book,1,15,0,0,15,0.75,15.75
Human Traces,"Faulks, Sebastian;",Book,1,20,0,0,20,1,21
La disparition - Hardcover,Fabien Vehlmann; Bruno Gazzotti;,Book,1,25,0,0,25,1.25,26.25
Grumpy Emy,Evisa Simpson;,Book,1,35,0,0,35,1.75,36.75
The Finisher,Evermore; Runyx;,Book,1,20,0,0,20,1,21
Y/N: A novel,Esther Yi,Book,1,30,0,0,30,1.5,31.5
Fiesta,Ernest Hemingway;,Book,1,16,0,0,16,0.8,16.8
Robert Ludlum's The Bourne Legacy,Eric Van Lustbader,Book,1,15,0,0,15,0.75,15.75
Love from the Very Hungry Caterpillar,Eric Carle,Book,1,13,0,0,13,0.65,13.65
Artemis Fowl and the Lost Colony,Eoin Colfer;,Book,1,20,0,0,20,1,21
Artemis Fowl The Last Guardian,Eoin Colfer;,Book,1,20,0,0,20,1,21
Artemis Fowl The Opal Deception,Eoin Colfer;,Book,1,20,0,0,20,1,21
Artemis Fowl and the Atlantis Complex,Eoin Colfer,Book,1,21,0,0,21,1.05,22.05
Five Get Into a Fix (The Famous Five #17),Enid Blyton;,Book,1,16,0,0,16,0.8,16.8
Five Go to Smuggler's Top,Enid Blyton;,Book,1,10,0,0,10,0.5,10.5
Five Go to Smuggler's Top(The Famous Five #4),Enid Blyton;,Book,1,16,0,0,16,0.8,16.8
"Hanni & Nanni, Band 01 (Hardcover)",Enid Blyton;,Book,1,15,0,0,15,0.75,15.75
"Hanni & Nanni, Band 02 (Hardcover)",Enid Blyton;,Book,1,15,0,0,15,0.75,15.75
Hanni und Nanni Sammelband 2. (Hardcover),Enid Blyton;,Book,1,20,0,0,20,1,21
"Hanni und Nanni, Band 37- [Hardcover]",Enid Blyton;,Book,1,15,0,0,15,0.75,15.75
"Malory Towers, Collection 1",Enid Blyton;,Book,1,21,0,0,21,1.05,22.05
Five on a Treasure Island,Enid Blyton,Book,1,15,0,0,15,0.75,15.75
Beach Read,Emily Henry;,Book,1,28,0,0,28,1.4,29.4
Happy Place,Emily Henry;,Book,1,20,0,0,20,1,21
Chestnut Springs #3:Powerless,Elsie Silver;,Book,2,82,0,0,82,4.1,86.1
Wild Eyes: Rose Hill #2,Elsie Silver;,Book,1,20,0,0,20,1,21
Wild Love,Elsie Silver;,Book,1,39.8,0,0,39.8,1.99,41.79
The Chalk Pit,Elly Griffiths;,Book,1,25,0,0,25,1.25,26.25
The Lantern Men,Elly Griffiths;,Book,1,22,0,0,22,1.1,23.1
Writing for Business,Ellen Jovin;,Book,1,18,0,0,18,0.9,18.9
My Name is Lucy Barton- [Hardcover],Elizabeth Strout;,Book,1,30,0,0,30,1.5,31.5
Queen's Gambit - Hardcover,Elizabeth Fremantle;,Book,1,30,0,0,30,1.5,31.5
The Book of Secrets,Elizabeth Arnold;,Book,1,25,0,0,25,1.25,26.25
The Island of Missing Trees,Elif Shafak,Book,2,56,0,0,56,2.8,58.8
Troubling Love,Elena Ferrante;,Book,1,20,0,0,20,1,21
The Spanish Love Deception,Elena Armas;,Book,1,20,0,0,20,1,21
"One Piece, Vol. 104",Eiichiro Oda;,Book,1,24,0,0,24,1.2,25.2
Ethan Frome,Edith Wharton;,Book,1,20,0,0,20,1,21
Pompeii...Buried Alive!,Edith Kunhardt;,Book,1,13,0,0,13,0.65,13.65
The Power of Now,Eckhart Tolle;,Book,1,30,0,0,30,1.5,31.5
Full Moon Stories - Hardcover,Eagle Walking Turtle,Book,1,15,0,0,15,0.75,15.75
Family of Liars,E. Lockhart;,Book,1,19,-0.57,0,18.43,0.92,19.35
We Were Liars,E. Lockhart,Book,1,15,0,0,15,0.75,15.75
Love From The Crayons - Hardcover,Drew Daywalt;,Book,1,22.99,-1.06,0,21.93,1.1,23.03
Batman's Missions,Dorling Kindersley Publishing Staff; Beth Davies;,Book,1,18,-1.58,0,16.42,0.82,17.24
The Little Friend,Donna Tartt,Book,1,16,0,0,16,0.8,16.8
Why We Want You to Be Rich,Donald Trump; Robert T. Kiyosaki;,Book,1,20,0,0,20,1,21
The Gentlemen's Hour,Don Winslow;,Book,1,20,0,0,20,1,21
"Poetry Foundation , January 2020",Don Share (Editor),Book,1,15,0,0,15,0.75,15.75
"Poetry Foundation , May 2020",Don Share (Editor),Book,1,15,0,0,15,0.75,15.75
Archie,Domenica More Gordon,Book,1,18,0,0,18,0.9,18.9
"Millennium Family Encyclopedia( A to C, Cities)- Hardcover",DK; Jayne Parsons,Book,1,25,0,0,25,1.25,26.25
The Math Book,DK;,Book,1,39,0,0,39,1.95,40.95
Sleeping Beauty - [Hardcover],Disney;Magical Storybook Library,Book,1,14,0,0,14,0.7,14.7
The Warrior Elite,Dick Couch;,Book,1,21,0,0,21,1.05,22.05
Williams-Sonoma Collection: Soup,Diane Rossen Worthington;,Book,1,33,0,0,33,1.65,34.65
Hazel Raids the Farm- (Hardcover),Diane Redmond,Book,1,20,0,0,20,1,21
I Will Find You,Detective Lieutenant Joe Kenda;,Book,1,15,0,0,15,0.75,15.75
Djinn Patrol on the Purple Line,Deepa Anappara;,Book,1,18,0,0,18,0.9,18.9
Word Myths - Hardcover,David Wilton;,Book,1,10,0,0,10,0.5,10.5
Ratburger,David Walliams;,Book,1,25,0,0,25,1.25,26.25
The World's Worst Children,David Walliams;,Book,1,25,0,0,25,1.25,26.25
The World's Worst Children 2 - Hardcover,David Walliams;,Book,1,22.99,-0.68,0,22.31,1.12,23.43
The World's Worst Children 3,David Walliams;,Book,1,51.25,-26.25,-25,0,0,0
Demon Dentist,David Walliams,Book,2,50,0,0,50,2.5,52.5
Letting Go,"David R. Hawkins, M.D., Ph.D.;",Book,1,30,0,0,30,1.5,31.5
Danger is Everywhere: A Handbook for Avoiding Danger,David O'Doherty;,Book,1,25,0,0,25,1.25,26.25
Understanding Modern Warfare,David Jordan; James D. Kiras; David J. Lonsdale; Ian Speller; Christopher Tuck; C. Dale Walton;,Book,1,20,0,0,20,1,21
The Bipolar Disorder Survival Guide,David J. Miklowitz;,Book,1,25,0,0,25,1.25,26.25
Eat a Peach - HARDCOVER,David Chang; Gabe Ulla;,Book,1,33,0,0,33,1.65,34.65
Head Kid,David Baddiel;,Book,1,25,0,0,25,1.25,26.25
Skellig,David Almond;,Book,2,45,0,-15,30,1.5,31.5
Captain Underpants and the Tyrannical Retaliation of the Turbo Toilet 2000,Dav Pilkey,Book,1,10,0,0,10,0.5,10.5
Building Up the Personality 1: Apology,Dar Al Marefaa Bookshop,Book,1,10,-0.46,0,9.54,0.47,10.01
Building up the Personality 1: You First,Dar Al Marefaa Bookshop,Book,1,10,-0.46,0,9.54,0.47,10.01
The Quest - Hardcover,Daniel Yergin;,Book,1,35,0,0,35,1.75,36.75
Drive: The Surprising Truth About What Motivates Us,Daniel H. Pink,Book,1,25,0,0,25,1.25,26.25
Miss Suki Is Kooky!,Dan Gutman;,Book,1,13.99,-0.41,0,13.58,0.68,14.26
Ms. Beard Is Weird!,Dan Gutman;,Book,1,13,-0.39,0,12.61,0.63,13.24
My Weird School: Teamwork Trouble,Dan Gutman;,Book,1,20,-0.6,0,19.4,0.97,20.37
Mrs. Patty Is Batty!,Dan Gutman,Book,1,13.99,-0.41,0,13.58,0.68,14.26
Angels and Demons,Dan Brown;,Book,1,20,0,0,20,1,21
The Lost Symbol - Hardcover,Dan Brown,Book,1,15,0,0,15,0.75,15.75
Rainbow Magic: Jacinda the Peace Fairy,Daisy Meadows;,Book,1,10,0,0,10,0.5,10.5
The Giraffe and the Pelly and Me,"Dahl, Roald;",Book,1,16,-0.72,0,15.28,0.76,16.04
Esio Trot,"Dahl, Roald",Book,1,15,0,0,15,0.75,15.75
The Guide to Wine - Hardcover,Cyril Ray,Book,1,20,0,0,20,1,21
Harold and the Purple Crayon,Crockett Johnson;,Book,1,23,-1.06,0,21.94,1.09,23.03
How to Train Your Dragon,Cressida Cowell,Book,1,20,-0.9,0,19.1,0.95,20.05
How to Train Your Dragon: How to Break a Dragon's Heart,Cressida Cowell,Book,1,18,0,0,18,0.9,18.9
How to Twist a Dragon's Tale,Cressida Cowell,Book,1,13,0,0,13,0.65,13.65
The Leader in Me,"Covey, Dr Stephen R;",Book,0,28,0,-28,0,0,0
Collins Children's Picture Atlas,Collins Maps;,Book,1,21.99,-1,0,20.99,1.05,22.04
Collins Primary Dictionaries - Collins Primary Thesaurus,Collins Dictionaries;,Book,1,22,0,0,22,1.1,23.1
It Ends with Us,Colleen Hoover;,Book,1,16,0,0,16,0.8,16.8
Maybe Now,Colleen Hoover;,Book,1,36.8,0,0,36.8,1.84,38.64
Ugly Love,Colleen Hoover;,Book,1,25,0,0,25,1.25,26.25
It Starts with Us,Colleen Hoover,Book,1,22,0,0,22,1.1,23.1
Stuff Dutch People Eat- [Hardcover],Colleen Geske;,Book,1,18,0,0,18,0.9,18.9
Katie the Catsitter,Colleen AF Venable;,Book,1,28,0,0,28,1.4,29.4
Rumi: The Big Red Book,Coleman Barks;,Book,1,30,0,0,30,1.5,31.5
Jane Eyre,Clare West (Retold by) ; Charlotte Brontë ; Giorgio Bacchin (Illustrator);,Book,1,10,0,0,10,0.5,10.5
My Busy Day (Hardcover),Clare Hibbert;,Book,1,20,0,0,20,1,21
Attack of the Unsinkable Rubber Ducks,Christopher Brookmyre;,Book,1,25,0,0,25,1.25,26.25
Talking with Psychopaths and Savages: Mass Murderers and Spree Killers,Christopher Berry-Dee;,Book,1,28,0,0,28,1.4,29.4
Go Lean Vegan,Christine Bailey,Book,1,10,0,0,10,0.5,10.5
The Dead of Winter,Chris Priestley;,Book,-1,0,0,-15,-15,-0.75,-15.75
After Kathy Acker,Chris Kraus;,Book,1,18,0,0,18,0.9,18.9
The Land of Stories - Beyond the Kingdoms,Chris Colfer,Book,1,32,0,0,32,1.6,33.6
The Land of Stories 03: A Grimm Warning,Chris Colfer,Book,1,20,0,0,20,1,21
Redeeming 6,Chloe Walsh;,Book,1,25,0,0,25,1.25,26.25
Saving 6,Chloe Walsh;,Book,1,20,0,0,20,1,21
Taming 7,Chloe Walsh;,Book,1,20,0,0,20,1,21
The Power of Moments: Why Certain Experiences Have Extraordinary Impact,Chip Heath;,Book,1,48.8,0,0,48.8,2.44,51.24
We Should All be Feminists,Chimamanda Ngozi Adichie;,Book,1,15,0,0,15,0.75,15.75
Wild,Cheryl Strayed;,Book,1,15,0,0,15,0.75,15.75
Black Cake,Charmaine Wilkerson;,Book,1,33,0,0,33,1.65,34.65
Wild Dark Shore - Hardcover,Charlotte McConaghy;,Book,1,30,0,0,30,1.5,31.5
"The Boy, the Mole, the Fox and the Horse - Hardcover",Charlie Mackesy;,Book,1,30,0,0,30,1.5,31.5
Young Bond Silverfin,Charlie Higson,Book,1,20,0,0,20,1,21
Be Your Own Stockbroker,Charles Vintcent;,Book,1,28,0,0,28,1.4,29.4
The Power of Habit,Charles Duhigg;,Book,1,39,0,0,39,1.95,40.95
Oliver Twist,Charles Dickens;,Book,1,10,0,0,10,0.5,10.5
The Origin of Species,Charles Darwin,Book,1,19,0,0,19,0.95,19.95
Little Fires Everywhere,Celeste Ng;,Book,1,20,0,0,20,1,21
Is that you Wolf?.,Cats's Pyjamas books;,Book,1,25,0,0,25,1.25,26.25
Sundae Girl,Cathy Cassidy;,Book,1,18,0,0,18,0.9,18.9
"Bad Times, Big Crimes",Carolyn Keene;,Book,1,18,-0.54,0,17.46,0.87,18.33
Scruff Sheep,Caroline Jayne Church;,Book,1,18,0,0,18,0.9,18.9
Tell Me Lies,Carola Lovering;,Book,1,28,0,0,28,1.4,29.4
The Secret - Das Geheimnis (Hardcover),"Byrne, Rhonda;",Book,1,25,0,0,25,1.25,26.25
Flights of Poetry,By (author) Ronald Rowbottom,Book,1,23,0,0,23,1.15,24.15
Disney Pixar Inside Out Fear- (Hardcover),Brittany Candau;,Book,1,9.99,-0.45,0,9.54,0.48,10.02
The Vanishing Half,Brit Bennett;,Book,1,28,0,0,28,1.4,29.4
4 A.M. Breakthrough: Unconventional Writing Exercises That Transform Your Fiction,Brian Kiteley,Book,1,20,0,0,20,1,21
Skyward,Brandon Sanderson;,Book,1,25,0,0,25,1.25,26.25
Starsight,Brandon Sanderson;,Book,1,25,0,0,25,1.25,26.25
Dracula,Bram Stoker;,Book,1,15,0,0,15,0.75,15.75
Pike Place Public Market Cookbook,Braiden Rex-Johnson;,Book,1,20,0,0,20,1,21
Festive GIft Box- Kids Age 1-8,Bookends,Book,1,70,0,0,70,3.5,73.5
Festive GIft Box- Mystery,Bookends,Book,-1,0,0,-70,-70,-3.5,-73.5
Dark Matter - hardcover,Blake Crouch;,Book,1,25,0,0,25,1.25,26.25
What is Ramadan? An Activity Book,Bismillah Buddies,Book,1,38,0,0,38,1.9,39.9
"Baby Bear, Baby Bear, What Do You See?","Bill Martin, Jr.;",Book,1,20,0,0,20,1,21
The 80/20 CEO,Bill Canady;,Book,1,30,0,0,30,1.5,31.5
The Road Trip,Beth O'Leary;,Book,1,27,0,0,27,1.35,28.35
Dear Dumb Diary #8: It's Not My Fault I Know Everything,"Benton, Jim;",Book,1,13,-0.39,0,12.61,0.63,13.24
100 People who Made History - Hardcover,Ben Gilliland;,Book,1,20,0,0,20,1,21
Narwhal: Unicorn of the Sea! (A Narwhal and Jelly Book #1),Ben Clanton; Ben Clanton;,Book,1,18,0,0,18,0.9,18.9
Bedtime Stories,Belinda GALLAGHER;,Book,1,25,0,0,25,1.25,26.25
Snap,Belinda Bauer (author);,Book,1,21,0,0,21,1.05,22.05
Blacklands,Belinda Bauer,Book,1,20,0,0,20,1,21
Crescendo,Becca Fitzpatrick;,Book,1,20,0,0,20,1,21
"Hush, Hush",Becca Fitzpatrick;,Book,1,25,0,0,25,1.25,26.25
Cavendon Hall- (Hardcover),Barbara Taylor Bradford,Book,1,22,0,0,22,1.1,23.1
Apes and Monkeys,Barbara Taylor,Book,-1,0,0,-7,-7,-0.35,-7.35
Junie B. Jones Smells Something Fishy,Barbara Parks;,Book,1,13,0,0,13,0.65,13.65
"Junie B. Jones Is a Graduation Girl (Junie B. Jones, No. 17)",Barbara Park; Denise Brunkus;,Book,1,10,0,0,10,0.5,10.5
"Junie B., First Grader",Barbara Park; Barbara Park;,Book,1,13,0,0,13,0.65,13.65
Junie B. Jones and the Stupid Smelly Bus,Barbara Park;,Book,1,10,0,0,10,0.5,10.5
Junie B. Jones and the Yucky Blucky Fruitcake,Barbara Park;,Book,1,13,0,0,13,0.65,13.65
Junie B. Jones Has a Peep in Her Pocket,Barbara Park;,Book,1,13,0,0,13,0.65,13.65
Junie B. Jones Is Captain Field Day,Barbara Park;,Book,1,10,0,0,10,0.5,10.5
Junie B. Jones is (almost) a Flower Girl,Barbara Park,Book,1,10,0,0,10,0.5,10.5
The Copy Editing And Headline Handbook,Barbara Ellis;,Book,1,1,0,0,1,0.05,1.05
A Promised Land - Hardcover,Barack Obama;,Book,1,35,0,0,35,1.75,36.75
The Fountainhead,Ayn Rand;,Book,1,18,0,0,18,0.9,18.9
Insects ; How It Works,AWARD; Gerald Legg;,Book,1,28,0,0,28,1.4,29.4
The God of Small Things,Arundhati Roy;,Book,1,25,0,0,25,1.25,26.25
The Ministry of Utmost Happiness,Arundhati Roy;,Book,1,27.99,-1.42,0,26.57,1.33,27.9
The God of Small Things,Arundhati Roy,Book,1,20,0,0,20,1,21
The Threat of Thanos (Marvel Avengers)- [Hardcover],Arie Kaplan;,Book,1,13,-1.15,0,11.85,0.59,12.44
The White Tiger,Aravind Adiga;,Book,1,25,0,0,25,1.25,26.25
Indian Nocturne,Antonio Tabucchi,Book,1,20,0,0,20,1,21
Alex Rider - Skeleton Key,Anthony Horowitz;,Book,1,15,0,0,15,0.75,15.75
Alex Rider 01. Stormbreaker,Anthony Horowitz;,Book,1,20,0,0,20,1,21
Eagle Strike (Alex Rider),Anthony Horowitz,Book,1,18,0,0,18,0.9,18.9
All The Light We Cannot See,Anthony Doerr;,Book,2,48,0,0,48,2.4,50.4
All the Light We Cannot See,Anthony Doerr,Book,1,25,0,0,25,1.25,26.25
How the World Works: Mathematics,Anne Rooney;,Book,-1,0,0,-23,-23,-1.15,-24.15
Black Beauty (HarperCollins Children's Classics),Anna Sewell;,Book,1,23,0,0,23,1.15,24.15
The Dinosaur,Anna Milbourne; Mandy Field;,Book,1,18,0,0,18,0.9,18.9
The Dutch House,Ann Patchett;,Book,1,50,0,-25,25,1.25,26.25
The Loney,Andrew Michael Hurley;,Book,1,20,0,0,20,1,21
Millionaire Expat,Andrew Hallam,Book,1,35,0,0,35,1.75,36.75
Kerry and the Knight of the Forest- [Hardcover],Andi Watson;,Book,1,25,0,0,25,1.25,26.25
Tinkle Digest No.263 & 278,Anant Pai,Book,1,13.99,-1.31,0,12.68,0.64,13.32
Tinkle Digest No.281 & 9,Anant Pai,Book,1,14,-1.3,0,12.7,0.63,13.33
Tinkle Double Digest No. 2,Anant Pai,Book,1,9.99,-0.94,0,9.05,0.46,9.51
A Spy In The House Of Love,Anais Nin;,Book,2,32,0,0,32,1.6,33.6
King of Greed (Book 3),Ana Huang;,Book,1,41,0,0,41,2.05,43.05
King of Wrath (Book 1),Ana Huang;,Book,1,41,0,0,41,2.05,43.05
The Striker,Ana Huang;,Book,1,38,0,0,38,1.9,39.9
Twisted #1 : Twisted Love,Ana Huang;,Book,1,25,0,0,25,1.25,26.25
My First I Can Draw Cool and Awesome,Amy Boxshall;,Book,1,14.99,-0.68,0,14.31,0.72,15.03
The Oxford Book of Urdu Short Stories,Amina Azfar;,Book,0,15,0,-15,0,0,0
Puppy Makes Mischief (Hardcover),Amelia Gatacre,Book,1,20,0,0,20,1,21
Tinkle Double Digest No. 90,Amar Chitra Katha Pvt Ltd;,Book,1,10,-0.93,0,9.07,0.45,9.52
Tinkle Double Digest No.2,Amar Chitra Katha Pvt Ltd,Book,1,10,-0.93,0,9.07,0.45,9.52
"Goodnight, Little Panda",Amanda Wood;,Book,1,20,-1,0,19,0.95,19.95
Le pacte magique,Alyssa Colman;,Book,1,25,0,0,25,1.25,26.25
Amazing Dinosaur Discovery- [Hardcover],Alligator Books Limited;,Book,1,25,0,0,25,1.25,26.25
Shiver,Allie Reynolds;,Book,1,27.99,-2.2,0,25.79,1.29,27.08
The Four Cycles,Alicia Hartwell,Book,-1,0,0,-4,-4,-0.2,-4.2
Dua Booklet - For Every Muslim,Ali Khawaja;,Book,3,54,-1.59,0,52.41,2.62,55.03
Understanding ADHD: A Short Guide for Loved Ones,Ali Khawaja;,Book,2,56,-2.71,0,53.29,2.66,55.95
The Three Musketeers (Hardcover),Alexandre Dumas;,Book,1,13,-0.49,0,12.51,0.62,13.13
To Kill a Kingdom,Alexandra Christo;,Book,1,24.99,-1.04,0,23.95,1.2,25.15
How Business Works- [Hardcover],Alexandra Black;,Book,1,49,0,0,49,2.45,51.45
My Italian Bulldozer,Alexander McCall Smith;,Book,1,20,0,0,20,1,21
The Silent Patient,Alex Michaelides;,Book,1,28,0,0,28,1.4,29.4
The Silent Patient,Alex Michaelides,Book,3,81,0,0,81,4.05,85.05
An Invisible Sign of My Own (Hardcover),Aimee Bender;,Book,1,28,0,0,28,1.4,29.4
Bunia kontra fakir (Hardcover),Agnieszka Stelmaszyk;,Book,1,21,0,0,21,1.05,22.05
And Then There Were None,AGATHA CHRISTIE;,Book,1,23,0,0,23,1.15,24.15
Crooked House,Agatha Christie;,Book,1,15,-0.78,0,14.22,0.71,14.93
Destination Unknown,Agatha Christie;,Book,1,15,-0.77,0,14.23,0.71,14.94
Hickory Dickory Dock,Agatha Christie;,Book,1,18,-0.94,0,17.06,0.85,17.91
Nemesis,Agatha Christie;,Book,1,22,-1.15,0,20.85,1.04,21.89
The Clocks,Agatha Christie;,Book,1,24.99,-1.29,0,23.7,1.19,24.89
The Hound of Death,Agatha Christie;,Book,1,22,-1.14,0,20.86,1.04,21.9
Almost Single,Advaita Kala,Book,1,15,0,0,15,0.75,15.75
This Is Going To Hurt: Secret Diaries Of A Junior Doctor,Adam Kay,Book,1,36,0,0,36,1.8,37.8
1 Page at a Time: A Daily Creative Companion,Adam J. Kurtz,Book,1,25,0,0,25,1.25,26.25
Poor Economics,Abhijit Banerjee; Esther Duflo;,Book,1,28,0,0,28,1.4,29.4
The Bad Guys #18,Aaron Blabey;,Book,1,22.99,-0.69,0,22.3,1.12,23.42
The Bad Guys in the Baddest Day Ever (10),Aaron Blabey;,Book,1,19,0,0,19,0.95,19.95
The Bad Guys in the Big Bad Wolf (9),Aaron Blabey;,Book,1,19,-0.57,0,18.43,0.92,19.35
The Woman in the Window,A. J. Finn,Book,1,23,0,0,23,1.15,24.15